{
  "project_info": {
    "project_number": "427807669409",
    "project_id": "dm2y2023projeto7-51c72",
    "storage_bucket": "dm2y2023projeto7-51c72.appspot.com"
  },
  "client": [
    {
      "client_info": {
        "mobilesdk_app_id": "1:427807669409:android:cbc2b81d10c3e44e0d04e0",
        "android_client_info": {
          "package_name": "com.example.dm2y2023projeto7"
        }
      },
      "oauth_client": [
        {
          "client_id": "427807669409-n9iuigmnrsdur3luivqljmqverp4rpuv.apps.googleusercontent.com",
          "client_type": 3
        }
      ],
      "api_key": [
        {
          "current_key": "AIzaSyDEWfbUXdQCmy53MXuk0ImS4vti32GUi6U"
        }
      ],
      "services": {
        "appinvite_service": {
          "other_platform_oauth_client": [
            {
              "client_id": "427807669409-n9iuigmnrsdur3luivqljmqverp4rpuv.apps.googleusercontent.com",
              "client_type": 3
            }
          ]
        }
      }
    }
  ],
  "configuration_version": "1"
}